﻿<?xml version="1.0" encoding="utf-8"?>
<abapGit version="v1.0.0" serializer="LCL_OBJECT_DTEL" serializer_version="v1.0.0">
 <asx:abap xmlns:asx="http://www.sap.com/abapxml" version="1.0">
  <asx:values>
   <DD04V>
    <ROLLNAME>ZDE_HSCODE_COM</ROLLNAME>
    <DDLANGUAGE>E</DDLANGUAGE>
    <HEADLEN>28</HEADLEN>
    <SCRLEN2>18</SCRLEN2>
    <SCRLEN3>28</SCRLEN3>
    <DDTEXT>Commercial HS Code Indicator</DDTEXT>
    <REPTEXT>Commercial HS Code Indicator</REPTEXT>
    <SCRTEXT_M>Commercial HS Code</SCRTEXT_M>
    <SCRTEXT_L>Commercial HS Code Indicator</SCRTEXT_L>
    <DTELMASTER>E</DTELMASTER>
    <DATATYPE>CHAR</DATATYPE>
    <LENG>000001</LENG>
    <OUTPUTLEN>000001</OUTPUTLEN>
   </DD04V>
  </asx:values>
 </asx:abap>
</abapGit>
