﻿<?xml version="1.0" encoding="utf-8"?>
<abapGit version="v1.0.0" serializer="LCL_OBJECT_DTEL" serializer_version="v1.0.0">
 <asx:abap xmlns:asx="http://www.sap.com/abapxml" version="1.0">
  <asx:values>
   <DD04V>
    <ROLLNAME>ZDE_PROD_DATE</ROLLNAME>
    <DDLANGUAGE>E</DDLANGUAGE>
    <DOMNAME>DATUM</DOMNAME>
    <HEADLEN>15</HEADLEN>
    <SCRLEN2>15</SCRLEN2>
    <SCRLEN3>20</SCRLEN3>
    <DDTEXT>Date of Produce</DDTEXT>
    <REPTEXT>Date of Produce</REPTEXT>
    <SCRTEXT_M>Date of Produce</SCRTEXT_M>
    <SCRTEXT_L>Date of Produce</SCRTEXT_L>
    <DTELMASTER>E</DTELMASTER>
    <REFKIND>D</REFKIND>
   </DD04V>
  </asx:values>
 </asx:abap>
</abapGit>
