﻿<?xml version="1.0" encoding="utf-8"?>
<abapGit version="v1.0.0" serializer="LCL_OBJECT_TTYP" serializer_version="v1.0.0">
 <asx:abap xmlns:asx="http://www.sap.com/abapxml" version="1.0">
  <asx:values>
   <DD40V>
    <TYPENAME>ZGTS_T_004</TYPENAME>
    <DDLANGUAGE>E</DDLANGUAGE>
    <ROWTYPE>ZGTS_S_004</ROWTYPE>
    <ROWKIND>S</ROWKIND>
    <DATATYPE>STRU</DATATYPE>
    <ACCESSMODE>T</ACCESSMODE>
    <KEYDEF>D</KEYDEF>
    <KEYKIND>N</KEYKIND>
    <DDTEXT>价格分摊</DDTEXT>
   </DD40V>
  </asx:values>
 </asx:abap>
</abapGit>
