﻿<?xml version="1.0" encoding="utf-8"?>
<abapGit version="v1.0.0" serializer="LCL_OBJECT_TABL" serializer_version="v1.0.0">
 <asx:abap xmlns:asx="http://www.sap.com/abapxml" version="1.0">
  <asx:values>
   <DD02V>
    <TABNAME>ZGTS_S_002</TABNAME>
    <DDLANGUAGE>E</DDLANGUAGE>
    <TABCLASS>INTTAB</TABCLASS>
    <DDTEXT>待下达出库报关指令 - 拆单</DDTEXT>
   </DD02V>
   <DD03P_TABLE>
    <DD03P>
     <FIELDNAME>SPLITKEY</FIELDNAME>
     <ROLLNAME>TDLINE</ROLLNAME>
     <ADMINFIELD>0</ADMINFIELD>
     <COMPTYPE>E</COMPTYPE>
    </DD03P>
    <DD03P>
     <FIELDNAME>CORDER</FIELDNAME>
     <ROLLNAME>/SAPSLL/CUORNO</ROLLNAME>
     <ADMINFIELD>0</ADMINFIELD>
     <COMPTYPE>E</COMPTYPE>
    </DD03P>
    <DD03P>
     <FIELDNAME>COYEAR</FIELDNAME>
     <ROLLNAME>/SAPSLL/NRYEAR</ROLLNAME>
     <ADMINFIELD>0</ADMINFIELD>
     <COMPTYPE>E</COMPTYPE>
    </DD03P>
    <DD03P>
     <FIELDNAME>FTORG</FIELDNAME>
     <ROLLNAME>/SAPSLL/FTORG</ROLLNAME>
     <ADMINFIELD>0</ADMINFIELD>
     <SHLPORIGIN>D</SHLPORIGIN>
     <COMPTYPE>E</COMPTYPE>
    </DD03P>
    <DD03P>
     <FIELDNAME>ITVSY</FIELDNAME>
     <ROLLNAME>/SAPSLL/ITVSY</ROLLNAME>
     <ADMINFIELD>0</ADMINFIELD>
     <COMPTYPE>E</COMPTYPE>
    </DD03P>
    <DD03P>
     <FIELDNAME>PRVSY</FIELDNAME>
     <ROLLNAME>/SAPSLL/PRVSY</ROLLNAME>
     <ADMINFIELD>0</ADMINFIELD>
     <SHLPORIGIN>D</SHLPORIGIN>
     <COMPTYPE>E</COMPTYPE>
    </DD03P>
    <DD03P>
     <FIELDNAME>KIT</FIELDNAME>
     <ROLLNAME>ZDE_KIT</ROLLNAME>
     <ADMINFIELD>0</ADMINFIELD>
     <COMPTYPE>E</COMPTYPE>
    </DD03P>
    <DD03P>
     <FIELDNAME>CCNGN</FIELDNAME>
     <ROLLNAME>ZDE_HSCODE</ROLLNAME>
     <ADMINFIELD>0</ADMINFIELD>
     <COMPTYPE>E</COMPTYPE>
    </DD03P>
    <DD03P>
     <FIELDNAME>CUCOO</FIELDNAME>
     <ROLLNAME>/SAPSLL/CUCOO</ROLLNAME>
     <ADMINFIELD>0</ADMINFIELD>
     <COMPTYPE>E</COMPTYPE>
    </DD03P>
    <DD03P>
     <FIELDNAME>MSTID</FIELDNAME>
     <ROLLNAME>/SAPSLL/MSTID</ROLLNAME>
     <ADMINFIELD>0</ADMINFIELD>
     <SHLPORIGIN>D</SHLPORIGIN>
     <COMPTYPE>E</COMPTYPE>
    </DD03P>
    <DD03P>
     <FIELDNAME>QUANT</FIELDNAME>
     <ROLLNAME>/SAPSLL/QUANT</ROLLNAME>
     <ADMINFIELD>0</ADMINFIELD>
     <REFTABLE>ZGTS_S_002</REFTABLE>
     <REFFIELD>QUAUM</REFFIELD>
     <COMPTYPE>E</COMPTYPE>
    </DD03P>
    <DD03P>
     <FIELDNAME>QUAUM</FIELDNAME>
     <ROLLNAME>/SAPSLL/DIMUM</ROLLNAME>
     <ADMINFIELD>0</ADMINFIELD>
     <COMPTYPE>E</COMPTYPE>
    </DD03P>
    <DD03P>
     <FIELDNAME>NETVAL</FIELDNAME>
     <ROLLNAME>/SAPSLL/AMNT_ORI</ROLLNAME>
     <ADMINFIELD>0</ADMINFIELD>
     <REFTABLE>ZGTS_S_002</REFTABLE>
     <REFFIELD>NTCUR</REFFIELD>
     <COMPTYPE>E</COMPTYPE>
    </DD03P>
    <DD03P>
     <FIELDNAME>NTCUR</FIELDNAME>
     <ROLLNAME>/SAPSLL/AMCUR</ROLLNAME>
     <ADMINFIELD>0</ADMINFIELD>
     <COMPTYPE>E</COMPTYPE>
    </DD03P>
    <DD03P>
     <FIELDNAME>HSCODE_IND</FIELDNAME>
     <ROLLNAME>ZDE_HSCODE_COM</ROLLNAME>
     <ADMINFIELD>0</ADMINFIELD>
     <COMPTYPE>E</COMPTYPE>
    </DD03P>
    <DD03P>
     <FIELDNAME>US_TAX</FIELDNAME>
     <ROLLNAME>ZDE_US_TAX</ROLLNAME>
     <ADMINFIELD>0</ADMINFIELD>
     <COMPTYPE>E</COMPTYPE>
    </DD03P>
    <DD03P>
     <FIELDNAME>PROD_DATE</FIELDNAME>
     <ROLLNAME>ZDE_PROD_DATE</ROLLNAME>
     <ADMINFIELD>0</ADMINFIELD>
     <SHLPORIGIN>T</SHLPORIGIN>
     <COMPTYPE>E</COMPTYPE>
    </DD03P>
    <DD03P>
     <FIELDNAME>GUID_CUHD</FIELDNAME>
     <ROLLNAME>/SAPSLL/GUID_16</ROLLNAME>
     <ADMINFIELD>0</ADMINFIELD>
     <COMPTYPE>E</COMPTYPE>
    </DD03P>
    <DD03P>
     <FIELDNAME>GUID_CUIT</FIELDNAME>
     <ROLLNAME>/SAPSLL/GUID_16</ROLLNAME>
     <ADMINFIELD>0</ADMINFIELD>
     <COMPTYPE>E</COMPTYPE>
    </DD03P>
   </DD03P_TABLE>
  </asx:values>
 </asx:abap>
</abapGit>
