﻿<?xml version="1.0" encoding="utf-8"?>
<abapGit version="v1.0.0" serializer="LCL_OBJECT_PROG" serializer_version="v1.0.0">
 <asx:abap xmlns:asx="http://www.sap.com/abapxml" version="1.0">
  <asx:values>
   <PROGDIR>
    <NAME>ZGTS_BWH05</NAME>
    <SUBC>1</SUBC>
    <RSTAT>T</RSTAT>
    <RLOAD>E</RLOAD>
    <FIXPT>X</FIXPT>
    <UCCHECK>X</UCCHECK>
   </PROGDIR>
   <CUA>
    <ADM>
     <ACTCODE>000001</ACTCODE>
     <PFKCODE>000001</PFKCODE>
    </ADM>
    <STA>
     <RSMPE_STAT>
      <CODE>PF_STATUS</CODE>
      <MODAL>D</MODAL>
      <ACTCODE>000001</ACTCODE>
      <PFKCODE>000001</PFKCODE>
      <BUTCODE>0001</BUTCODE>
      <INT_NOTE>PF Status</INT_NOTE>
     </RSMPE_STAT>
    </STA>
    <FUN>
     <RSMPE_FUNT>
      <CODE>&amp;BACK</CODE>
      <TEXTNO>001</TEXTNO>
      <TYPE>E</TYPE>
      <TEXT_TYPE>S</TEXT_TYPE>
      <FUN_TEXT>Back</FUN_TEXT>
      <PATH>B</PATH>
     </RSMPE_FUNT>
     <RSMPE_FUNT>
      <CODE>&amp;CANCEL</CODE>
      <TEXTNO>001</TEXTNO>
      <TYPE>E</TYPE>
      <TEXT_TYPE>S</TEXT_TYPE>
      <TEXT_NAME>ICON_CANCEL</TEXT_NAME>
      <ICON_ID>@0W@</ICON_ID>
      <FUN_TEXT>Cancel</FUN_TEXT>
      <PATH>A</PATH>
     </RSMPE_FUNT>
     <RSMPE_FUNT>
      <CODE>&amp;CHECK</CODE>
      <TEXTNO>001</TEXTNO>
      <TEXT_TYPE>S</TEXT_TYPE>
      <TEXT_NAME>ICON_CHECK</TEXT_NAME>
      <ICON_ID>@38@</ICON_ID>
      <FUN_TEXT>Check Custom Document Info</FUN_TEXT>
      <ICON_TEXT>Check Custom Document Info</ICON_TEXT>
      <INFO_TEXT>Check Custom Document Info</INFO_TEXT>
     </RSMPE_FUNT>
     <RSMPE_FUNT>
      <CODE>&amp;EXECUTE</CODE>
      <TEXTNO>001</TEXTNO>
      <TEXT_TYPE>S</TEXT_TYPE>
      <TEXT_NAME>ICON_CREATE</TEXT_NAME>
      <ICON_ID>@0Y@</ICON_ID>
      <FUN_TEXT>Create outbound Declaration Document</FUN_TEXT>
      <ICON_TEXT>Create outbound Declaration Document</ICON_TEXT>
      <INFO_TEXT>Create outbound Declaration Document</INFO_TEXT>
     </RSMPE_FUNT>
     <RSMPE_FUNT>
      <CODE>&amp;EXIT</CODE>
      <TEXTNO>001</TEXTNO>
      <TYPE>E</TYPE>
      <TEXT_TYPE>S</TEXT_TYPE>
      <FUN_TEXT>Exit</FUN_TEXT>
      <PATH>X</PATH>
     </RSMPE_FUNT>
     <RSMPE_FUNT>
      <CODE>&amp;F03</CODE>
      <TEXTNO>001</TEXTNO>
      <TEXT_TYPE>S</TEXT_TYPE>
      <FUN_TEXT>Back</FUN_TEXT>
     </RSMPE_FUNT>
     <RSMPE_FUNT>
      <CODE>&amp;F05</CODE>
      <TEXTNO>001</TEXTNO>
      <TEXT_TYPE>S</TEXT_TYPE>
      <FUN_TEXT>Exit</FUN_TEXT>
     </RSMPE_FUNT>
     <RSMPE_FUNT>
      <CODE>&amp;F12</CODE>
      <TEXTNO>001</TEXTNO>
      <TEXT_TYPE>S</TEXT_TYPE>
      <TEXT_NAME>ICON_CANCEL</TEXT_NAME>
      <ICON_ID>@0W@</ICON_ID>
      <FUN_TEXT>Cancel</FUN_TEXT>
     </RSMPE_FUNT>
     <RSMPE_FUNT>
      <CODE>&amp;SPLIT</CODE>
      <TEXTNO>001</TEXTNO>
      <TEXT_TYPE>S</TEXT_TYPE>
      <TEXT_NAME>ICON_PRICE</TEXT_NAME>
      <ICON_ID>@FD@</ICON_ID>
      <FUN_TEXT>Price Proportion for Kit Product</FUN_TEXT>
      <ICON_TEXT>Price Proportion for Kit Product</ICON_TEXT>
      <INFO_TEXT>Price Proportion for Kit Product</INFO_TEXT>
     </RSMPE_FUNT>
    </FUN>
    <BUT>
     <RSMPE_BUT>
      <PFK_CODE>000001</PFK_CODE>
      <CODE>0001</CODE>
      <NO>01</NO>
      <PFNO>06</PFNO>
     </RSMPE_BUT>
     <RSMPE_BUT>
      <PFK_CODE>000001</PFK_CODE>
      <CODE>0001</CODE>
      <NO>02</NO>
      <PFNO>07</PFNO>
     </RSMPE_BUT>
     <RSMPE_BUT>
      <PFK_CODE>000001</PFK_CODE>
      <CODE>0001</CODE>
      <NO>03</NO>
      <PFNO>08</PFNO>
     </RSMPE_BUT>
    </BUT>
    <PFK>
     <RSMPE_PFK>
      <CODE>000001</CODE>
      <PFNO>03</PFNO>
      <FUNCODE>&amp;F03</FUNCODE>
      <FUNNO>001</FUNNO>
     </RSMPE_PFK>
     <RSMPE_PFK>
      <CODE>000001</CODE>
      <PFNO>06</PFNO>
      <FUNCODE>&amp;CHECK</FUNCODE>
      <FUNNO>001</FUNNO>
     </RSMPE_PFK>
     <RSMPE_PFK>
      <CODE>000001</CODE>
      <PFNO>07</PFNO>
      <FUNCODE>&amp;SPLIT</FUNCODE>
      <FUNNO>001</FUNNO>
     </RSMPE_PFK>
     <RSMPE_PFK>
      <CODE>000001</CODE>
      <PFNO>08</PFNO>
      <FUNCODE>&amp;EXECUTE</FUNCODE>
      <FUNNO>001</FUNNO>
     </RSMPE_PFK>
     <RSMPE_PFK>
      <CODE>000001</CODE>
      <PFNO>12</PFNO>
      <FUNCODE>&amp;F12</FUNCODE>
      <FUNNO>001</FUNNO>
     </RSMPE_PFK>
     <RSMPE_PFK>
      <CODE>000001</CODE>
      <PFNO>15</PFNO>
      <FUNCODE>&amp;F05</FUNCODE>
      <FUNNO>001</FUNNO>
     </RSMPE_PFK>
    </PFK>
    <SET>
     <RSMPE_STAF>
      <STATUS>PF_STATUS</STATUS>
      <FUNCTION>&amp;BACK</FUNCTION>
     </RSMPE_STAF>
     <RSMPE_STAF>
      <STATUS>PF_STATUS</STATUS>
      <FUNCTION>&amp;CANCEL</FUNCTION>
     </RSMPE_STAF>
     <RSMPE_STAF>
      <STATUS>PF_STATUS</STATUS>
      <FUNCTION>&amp;CHECK</FUNCTION>
     </RSMPE_STAF>
     <RSMPE_STAF>
      <STATUS>PF_STATUS</STATUS>
      <FUNCTION>&amp;EXECUTE</FUNCTION>
     </RSMPE_STAF>
     <RSMPE_STAF>
      <STATUS>PF_STATUS</STATUS>
      <FUNCTION>&amp;EXIT</FUNCTION>
     </RSMPE_STAF>
     <RSMPE_STAF>
      <STATUS>PF_STATUS</STATUS>
      <FUNCTION>&amp;F03</FUNCTION>
     </RSMPE_STAF>
     <RSMPE_STAF>
      <STATUS>PF_STATUS</STATUS>
      <FUNCTION>&amp;F05</FUNCTION>
     </RSMPE_STAF>
     <RSMPE_STAF>
      <STATUS>PF_STATUS</STATUS>
      <FUNCTION>&amp;F12</FUNCTION>
     </RSMPE_STAF>
     <RSMPE_STAF>
      <STATUS>PF_STATUS</STATUS>
      <FUNCTION>&amp;SPLIT</FUNCTION>
     </RSMPE_STAF>
    </SET>
    <DOC>
     <RSMPE_ATRT>
      <OBJ_TYPE>A</OBJ_TYPE>
      <OBJ_CODE>000001</OBJ_CODE>
      <MODAL>D</MODAL>
      <INT_NOTE>PF Status</INT_NOTE>
     </RSMPE_ATRT>
     <RSMPE_ATRT>
      <OBJ_TYPE>P</OBJ_TYPE>
      <OBJ_CODE>000001</OBJ_CODE>
      <MODAL>D</MODAL>
      <INT_NOTE>PF Status</INT_NOTE>
     </RSMPE_ATRT>
     <RSMPE_ATRT>
      <OBJ_TYPE>B</OBJ_TYPE>
      <OBJ_CODE>000001</OBJ_CODE>
      <SUB_CODE>0001</SUB_CODE>
      <MODAL>D</MODAL>
      <INT_NOTE>PF Status</INT_NOTE>
     </RSMPE_ATRT>
    </DOC>
   </CUA>
   <TPOOL>
    <item>
     <ID>I</ID>
     <KEY>S01</KEY>
     <ENTRY>Organization</ENTRY>
     <LENGTH>20</LENGTH>
    </item>
    <item>
     <ID>I</ID>
     <KEY>S02</KEY>
     <ENTRY>Feeder System</ENTRY>
     <LENGTH>20</LENGTH>
    </item>
    <item>
     <ID>I</ID>
     <KEY>S03</KEY>
     <ENTRY>Business Scenario</ENTRY>
     <LENGTH>20</LENGTH>
    </item>
    <item>
     <ID>I</ID>
     <KEY>S04</KEY>
     <LENGTH>1</LENGTH>
    </item>
    <item>
     <ID>R</ID>
     <ENTRY>Custom Declaration Platform for Outbound Delivery</ENTRY>
     <LENGTH>49</LENGTH>
    </item>
    <item>
     <ID>S</ID>
     <KEY>C_DS</KEY>
     <ENTRY>Domestic Sales</ENTRY>
     <LENGTH>22</LENGTH>
    </item>
    <item>
     <ID>S</ID>
     <KEY>C_ES</KEY>
     <ENTRY>Export Sales</ENTRY>
     <LENGTH>20</LENGTH>
    </item>
    <item>
     <ID>S</ID>
     <KEY>P_EX</KEY>
     <ENTRY>Variation of Outbound Price%</ENTRY>
     <LENGTH>36</LENGTH>
    </item>
    <item>
     <ID>S</ID>
     <KEY>P_FTORG</KEY>
     <ENTRY>Foreign Trade Organization</ENTRY>
     <LENGTH>34</LENGTH>
    </item>
    <item>
     <ID>S</ID>
     <KEY>R_DN</KEY>
     <ENTRY>Outbound Delivery</ENTRY>
     <LENGTH>25</LENGTH>
    </item>
    <item>
     <ID>S</ID>
     <KEY>R_SO</KEY>
     <ENTRY>Sales Order</ENTRY>
     <LENGTH>19</LENGTH>
    </item>
    <item>
     <ID>S</ID>
     <KEY>S_LOGSYS</KEY>
     <ENTRY>Logical System</ENTRY>
     <LENGTH>22</LENGTH>
    </item>
    <item>
     <ID>S</ID>
     <KEY>S_REFDT</KEY>
     <ENTRY>Posting Date</ENTRY>
     <LENGTH>20</LENGTH>
    </item>
    <item>
     <ID>S</ID>
     <KEY>S_REFNO</KEY>
     <ENTRY>Reference Document</ENTRY>
     <LENGTH>26</LENGTH>
    </item>
   </TPOOL>
  </asx:values>
 </asx:abap>
</abapGit>
