﻿<?xml version="1.0" encoding="utf-8"?>
<abapGit version="v1.0.0" serializer="LCL_OBJECT_TABL" serializer_version="v1.0.0">
 <asx:abap xmlns:asx="http://www.sap.com/abapxml" version="1.0">
  <asx:values>
   <DD02V>
    <TABNAME>ZGTS_S_004</TABNAME>
    <DDLANGUAGE>E</DDLANGUAGE>
    <TABCLASS>INTTAB</TABCLASS>
    <DDTEXT>价格分摊</DDTEXT>
   </DD02V>
   <DD03P_TABLE>
    <DD03P>
     <FIELDNAME>STATUS</FIELDNAME>
     <ROLLNAME>ZDE_STATUS</ROLLNAME>
     <ADMINFIELD>0</ADMINFIELD>
     <COMPTYPE>E</COMPTYPE>
    </DD03P>
    <DD03P>
     <FIELDNAME>CORDER</FIELDNAME>
     <ROLLNAME>/SAPSLL/CUORNO</ROLLNAME>
     <ADMINFIELD>0</ADMINFIELD>
     <COMPTYPE>E</COMPTYPE>
    </DD03P>
    <DD03P>
     <FIELDNAME>COYEAR</FIELDNAME>
     <ROLLNAME>/SAPSLL/NRYEAR</ROLLNAME>
     <ADMINFIELD>0</ADMINFIELD>
     <COMPTYPE>E</COMPTYPE>
    </DD03P>
    <DD03P>
     <FIELDNAME>FTORG</FIELDNAME>
     <ROLLNAME>/SAPSLL/FTORG</ROLLNAME>
     <ADMINFIELD>0</ADMINFIELD>
     <SHLPORIGIN>D</SHLPORIGIN>
     <COMPTYPE>E</COMPTYPE>
    </DD03P>
    <DD03P>
     <FIELDNAME>ITVSY</FIELDNAME>
     <ROLLNAME>/SAPSLL/ITVSY</ROLLNAME>
     <ADMINFIELD>0</ADMINFIELD>
     <COMPTYPE>E</COMPTYPE>
    </DD03P>
    <DD03P>
     <FIELDNAME>PRVSY</FIELDNAME>
     <ROLLNAME>/SAPSLL/PRVSY</ROLLNAME>
     <ADMINFIELD>0</ADMINFIELD>
     <SHLPORIGIN>D</SHLPORIGIN>
     <COMPTYPE>E</COMPTYPE>
    </DD03P>
    <DD03P>
     <FIELDNAME>QUANT</FIELDNAME>
     <ROLLNAME>/SAPSLL/QUANT</ROLLNAME>
     <ADMINFIELD>0</ADMINFIELD>
     <REFTABLE>ZGTS_S_004</REFTABLE>
     <REFFIELD>QUAUM</REFFIELD>
     <COMPTYPE>E</COMPTYPE>
    </DD03P>
    <DD03P>
     <FIELDNAME>QUAUM</FIELDNAME>
     <ROLLNAME>/SAPSLL/DIMUM</ROLLNAME>
     <ADMINFIELD>0</ADMINFIELD>
     <COMPTYPE>E</COMPTYPE>
    </DD03P>
    <DD03P>
     <FIELDNAME>NETVAL</FIELDNAME>
     <ROLLNAME>/SAPSLL/AMNT_ORI</ROLLNAME>
     <ADMINFIELD>0</ADMINFIELD>
     <REFTABLE>ZGTS_S_004</REFTABLE>
     <REFFIELD>NTCUR</REFFIELD>
     <COMPTYPE>E</COMPTYPE>
    </DD03P>
    <DD03P>
     <FIELDNAME>NTCUR</FIELDNAME>
     <ROLLNAME>/SAPSLL/AMCUR</ROLLNAME>
     <ADMINFIELD>0</ADMINFIELD>
     <COMPTYPE>E</COMPTYPE>
    </DD03P>
   </DD03P_TABLE>
  </asx:values>
 </asx:abap>
</abapGit>
