﻿<?xml version="1.0" encoding="utf-8"?>
<abapGit version="v1.0.0" serializer="LCL_OBJECT_FUGR" serializer_version="v1.0.0">
 <asx:abap xmlns:asx="http://www.sap.com/abapxml" version="1.0">
  <asx:values>
   <AREAT>Aiglent PoC</AREAT>
   <INCLUDES>
    <SOBJ_NAME>LZSAPSLL_AIGLENT_POCTOP</SOBJ_NAME>
    <SOBJ_NAME>SAPLZSAPSLL_AIGLENT_POC</SOBJ_NAME>
   </INCLUDES>
   <FUNCTIONS>
    <item>
     <FUNCNAME>ZSAPSLL_UPDATE_WORKLIST_MD</FUNCNAME>
     <REMOTE_CALL>R</REMOTE_CALL>
     <SHORT_TEXT>Update Worklist from Material Document</SHORT_TEXT>
     <IMPORT>
      <RSIMP>
       <PARAMETER>IS_DEBUG</PARAMETER>
       <OPTIONAL>X</OPTIONAL>
       <TYP>/SAPSLL/DEBUG_S</TYP>
      </RSIMP>
      <RSIMP>
       <PARAMETER>IV_REFAPP</PARAMETER>
       <OPTIONAL>X</OPTIONAL>
       <TYP>/SAPSLL/REFAPP</TYP>
      </RSIMP>
      <RSIMP>
       <PARAMETER>IV_TYPE</PARAMETER>
       <OPTIONAL>X</OPTIONAL>
       <TYP>/SAPSLL/ADDDA1</TYP>
      </RSIMP>
     </IMPORT>
     <TABLES>
      <RSTBL>
       <PARAMETER>IT_HEADER</PARAMETER>
       <DBSTRUCT>/SAPSLL/API_PREVDWLI_HDR_S</DBSTRUCT>
      </RSTBL>
      <RSTBL>
       <PARAMETER>IT_ITEM</PARAMETER>
       <TYPES>O</TYPES>
       <TYP>/SAPSLL/API_PREVDWLI_ITEM_M_S</TYP>
      </RSTBL>
      <RSTBL>
       <PARAMETER>RETURN</PARAMETER>
       <DBSTRUCT>BAPIRET2</DBSTRUCT>
      </RSTBL>
      <RSTBL>
       <PARAMETER>RESULT</PARAMETER>
       <DBSTRUCT>/SAPSLL/API6800_RESULT_S</DBSTRUCT>
       <OPTIONAL>X</OPTIONAL>
      </RSTBL>
     </TABLES>
     <DOCUMENTATION>
      <RSFDO>
       <PARAMETER>IS_DEBUG</PARAMETER>
       <KIND>P</KIND>
       <STEXT>SLL: Debugging Modes</STEXT>
      </RSFDO>
      <RSFDO>
       <PARAMETER>IV_REFAPP</PARAMETER>
       <KIND>P</KIND>
       <STEXT>Reference Application</STEXT>
      </RSFDO>
      <RSFDO>
       <PARAMETER>IV_TYPE</PARAMETER>
       <KIND>P</KIND>
       <STEXT>Outbound Type</STEXT>
      </RSFDO>
      <RSFDO>
       <PARAMETER>IT_HEADER</PARAMETER>
       <KIND>P</KIND>
       <STEXT>SLL: API for preference worklist - head</STEXT>
      </RSFDO>
      <RSFDO>
       <PARAMETER>IT_ITEM</PARAMETER>
       <KIND>P</KIND>
       <STEXT>GTS: API for Customs Worklist - Item</STEXT>
      </RSFDO>
      <RSFDO>
       <PARAMETER>RETURN</PARAMETER>
       <KIND>P</KIND>
       <STEXT>Return Parameter</STEXT>
      </RSFDO>
      <RSFDO>
       <PARAMETER>RESULT</PARAMETER>
       <KIND>P</KIND>
       <STEXT>SLL: Result for API 6800</STEXT>
      </RSFDO>
     </DOCUMENTATION>
    </item>
   </FUNCTIONS>
  </asx:values>
 </asx:abap>
</abapGit>
